_key,00_Id,01_Nombre,02_Tipo,03_Categoria,04_Marca,05_Modelo,06_Disponibilidad,07_Disimulo,11_Precision,12_Fiabilidad,13_Alcance,14_Dano,15_Peso,16_Costo,17_Descripcion,09_Balas,10_VD,08_Calibre,-NjURFOoP4oKPylWMM0S/00_Id,-NjURFOoP4oKPylWMM0S/01_Nombre,-NjURFOoP4oKPylWMM0S/14_Dano,-NjURFOoP4oKPylWMM0S/16_Costo
0,5,Alabarda Hanwei (Filo),Armas de Cuerpo a Cuerpo,Arma Cuerpo a Cuerpo,Hanwei,Alabarda,Rara,No,0,Muy Fiable,2 m,4D6,2,100,,,,,,,,
1,230,Arasaka Nauseator Riot-Control Device,Armas Pesadas,Exótica,Arasaka,Nauseator Riot-Control,Mala,No,0,Medio,15 m,Especial,25,1900,"Genera un campo de fuerza de 15 m de profundidad y 25 m de ancho que produce desorientación, náuseas y dolor de cabeza (DIF 25 contra TCO). Si se pasa la tirada, -4 a todas las acciones, si se falla por 1 a 3 puntos, REF y MOV reducidos a 1, si el fallo es mayor, provoca inconsiencia, todo por 1D6 turnos.",10,1,,,,,
2,6,Arco EagleTech Tomcat,Arma de Rango,Arma de Proyectiles,EagleTech,Tomcat,Excelente,No,0,Muy Fiable,150 m,4D10,1,150,,1,1,,,,,
3,7,Arma de Asta Hanwei (Filo),Armas de Cuerpo a Cuerpo,Arma Cuerpo a Cuerpo,Hanwei,Asta,Mala,No,0,Muy Fiable,"1,5 m",3D6,1,60,,,,,,,,
4,8,Ballesta EagleTech Stryker,Arma de Rango,Arma de Proyectiles,EagleTech,Stryker,Excelente,Largo,-1,Muy Fiable,50 m,3D6+3,0.5,220,,12,1,,,,,
5,9,Bate For Bat de Baseball,Armas de Cuerpo a Cuerpo,Arma Cuerpo a Cuerpo,For Bat,Bate de Baseball,Común,Largo,0,Muy Fiable,1 m,3D6,1.5,50,,,,,,,,
6,10,Bo AMWA,Armas de Cuerpo a Cuerpo,Arma de Arte Marcial,AMWA,Bo,Rara,No,0,Muy Fiable,1 m,3D6,1,75,,,,,,,,
7,11,Bokken AMWA,Armas de Cuerpo a Cuerpo,Arma de Arte Marcial,AMWA,Bokken,Rara,Largo,0,Muy Fiable,1 m,2D6+1,0.8,60,,,,,,,,
8,12,Cadena Katiak,Armas de Cuerpo a Cuerpo,Arma Cuerpo a Cuerpo,Katiak,Cadena,Común,Largo,0,Muy Fiable,1 m,2D6,1.5,50,,,,,,,,
9,13,Canon Barret-Arasaka Ligero,Armas Pesadas,Canon,Barret-Arasaka,Ligero,Rara,No,0,Muy Fiable,450 m,4D10,8,2000,,10,1,20 mm,,,,
10,14,Cañón Láser Militech Electronics,Fusiles,Arma Láser,Militech Electronics,Cañón Laser,Rara,No,0,Poco Fiable,400 m,8D6,4,8000,,10,2,,,,,
11,15,Ciberserpiente Cibernetica INC,Armas de Cuerpo a Cuerpo,Ciberarma,Cibernética INC,Ciberserpiente,Rara,No,0,Muy Fiable,1 m,1D6,0,0,,,,,,,,
12,32,Cimitarra Hanwei (Filo),Armas de Cuerpo a Cuerpo,Arma Cuerpo a Cuerpo,Hanwei,Cimitarra,Rara,Largo,0,Muy Fiable,1 m,3D6,2,120,,,,,,,,
13,33,Corta Cartón Eikhorn (Filo),Armas de Cuerpo a Cuerpo,Arma Cuerpo a Cuerpo,Eikhorn,Corta Cartón,Común,Bolsillo,0,Muy Fiable,1 m,1D2,0.25,10,,,,,,,,
14,34,Cuchillo Cocinero Eikhorn (Filo),Armas de Cuerpo a Cuerpo,Arma Cuerpo a Cuerpo,Eikhorn,Cuchillo Cocinero,Común,Chaqueta,0,Muy Fiable,1 m,1D3,0.5,20,,,,,,,,
15,36,Cuchillo Mariposa Hattori (Filo),Armas de Cuerpo a Cuerpo,Arma Cuerpo a Cuerpo,Hattori,Cuchillo Mariposa,Rara,Chaqueta,0,Muy Fiable,1 m,2D6,1,100,,,,,,,,
16,35,Cuchillo de Combate Hanwei (Filo),Armas de Cuerpo a Cuerpo,Arma Cuerpo a Cuerpo,Hanwei,Cuchillo de Combate,Común,Bolsillo,0,Muy Fiable,1 m,1D6,0.5,30,,,,,,,,
17,37,Daga Hanwei (Filo),Armas de Cuerpo a Cuerpo,Arma Cuerpo a Cuerpo,Hanwei,Daga,Común,Chaqueta,0,Muy Fiable,1 m,1D3,0.5,25,,,,,,,,
18,38,Daisho Hattori (Filo),Armas de Cuerpo a Cuerpo,Arma de Arte Marcial,Hattori,Daisho,Rara,Largo,0,Muy Fiable,1 m,1D6+2,0.8,50,,,,,,,,
19,39,Dao Hattori (Filo),Armas de Cuerpo a Cuerpo,Arma de Arte Marcial,Hattori,Dao,Rara,Largo,0,Muy Fiable,1 m,3D6,1.5,230,,,,,,,,
20,16,Desgarradores Cibernetica INC (Filo),Armas de Cuerpo a Cuerpo,Ciberarma,Cibernética INC,Desgarradores,Rara,No,0,Muy Fiable,1 m,1D3,0,0,,,,,,,,
21,17,Destripadores Cibernetica INC (Filo),Armas de Cuerpo a Cuerpo,Ciberarma,Cibernética INC,Destripadores,Rara,No,0,Muy Fiable,1 m,2D6,0,0,,,,,,,,
22,40,Escalpelo Eikhorn (Filo),Armas de Cuerpo a Cuerpo,Arma Cuerpo a Cuerpo,Eikhorn,Escalpelo,Común,Bolsillo,0,Muy Fiable,1 m,1D2,0.25,5,,,,,,,,
23,41,Escopeta Arasaka HTC 1 Houston,Escopetas,Escopeta,Arasaka,HTC 1 Houston,Rara,No,0,Muy Fiable,50 m,6D6,3.5,550,,9,3,10 ga,,,,
24,396,Escopeta Arasaka WCAA Rapid 12,Escopetas,Escopeta,Arasaka,WCAA Rapid 12,Común,No,-1,Medio,50 m,4D6,3,900,Puede disparar ráfagas de 10 tiros,20,2,12ga B6,,,,
25,409,Escopeta Atchison Assault,Escopetas,Escopeta,Atchison,Assault,Rara,No,-1,Medio,50 m,4D6,3,500,,20,10,12ga B6,,,,
26,44,Escopeta Benelli M1R3,Escopetas,Escopeta,Benelli,M1R3,Común,No,1,Poco Fiable,50 m,6D6,3.5,535,,7,1,13 ga ET,,,,
27,45,Escopeta Beretta AS12,Escopetas,Escopeta,Beretta,AS12,Común,No,1,Poco Fiable,50 m,5D6,2.5,490,,8,1,13 ga,,,,
28,397,Escopeta CCMMC Qi-15,Escopetas,Escopeta,CCMMC,Qi-15,Mala,No,-2,Medio,50 m,4D6,3,150,Puede disparar ráfagas de 10 tiros,15,2,12ga B6,,,,
29,412,Escopeta Constitution Hurricane,Escopetas,Escopeta,Constitution,Hurricane,Mala,No,0,Medio,70 m,4D6,3,1000,Puede disparar ráfagas de 20 tiros,40,4,12ga B6,,,,
30,413,Escopeta Double Barrel Shotgun,Escopetas,Escopeta,Double Barrel,Shotgun,Común,No,0,Muy Fiable,50 m,4D6,3,200,,2,2,12ga B3,,,,
31,400,Escopeta Generic M-12 Close Assault,Escopetas,Escopeta,Generic,M-12 Close Assault,Mala,No,0,Muy Fiable,50 m,4D6,3,950,Puede disparar ráfagas de 10 tiros,20,3,12ga B6,,,,
32,407,Escopeta Heckler & Koch CAWS,Escopetas,Escopeta,Heckler & Koch,CAWS,Rara,No,0,Medio,50 m,4D6,3,500,,10,10,12ga B6,,,,
33,410,Escopeta Heckler & Koch CAWS 11,Escopetas,Escopeta,Heckler & Koch,CAWS 11,Rara,No,1,Medio,50 m,4D6,3,800,,30,10,12ga B6,,,,
34,46,Escopeta Ithaka AEP10,Escopetas,Escopeta,Ithaka,AEP10,Común,No,1,Poco Fiable,50 m,6D6,3.5,520,,8,2,10 ga,,,,
35,408,Escopeta Ithaka Stakeout,Escopetas,Escopeta,Ithaka,Stakeout,Común,Largo,-1,Medio,50 m,4D6,3,200,,8,2,12ga B6,,,,
36,417,Escopeta Luigi Franchi King Buck,Escopetas,Escopeta,Luigi Franchi,King Buck,Mala,No,-1,Muy Fiable,50 m,6D6,3,800,Puede disparar ráfagas de 4 tiros,4,2,10ga B8,,,,
37,399,Escopeta Luigi Franchi P.16,Escopetas,Escopeta,Luigi Franchi,P.16,Rara,Largo,1,Medio,50 m,4D6,3,980,Puede disparar ráfagas de 10 tiros,20,2,12ga B6,,,,
38,416,Escopeta Meta Warhammer,Escopetas,Escopeta,Meta,Warhammer,Mala,No,-1,Muy Fiable,75 m,4D6+3,3,700,,16,3,12ga M B6,,,,
39,401,Escopeta Militech Arms Bulldog,Escopetas,Escopeta,Militech Arms,Bulldog,Mala,Largo,0,Medio,50 m,4D6,3,1000,Puede disparar ráfagas de 10 tiros,21,3,12ga B6,,,,
40,394,Escopeta Militech Arms Crusher SSG,Escopetas,Escopeta,Militech Arms,Crusher SSG,Común,Chaqueta,-1,Medio,12 m,3D6,3,450,PA -3 a 25 metros,6,2,20ga B9,,,,
41,402,Escopeta Militech Arms Military,Escopetas,Escopeta,Militech Arms,Military,Común,No,0,Medio,50 m,4D6,3,300,,8,2,12ga B3,,,,
42,403,Escopeta Militech Arms Police,Escopetas,Escopeta,Militech Arms,Police,Común,Largo,-1,Medio,50 m,4D6,3,300,,8,2,12ga B3,,,,
43,395,Escopeta Mustang Arms Close 20,Escopetas,Escopeta,Mustang Arms,Close 20,Mala,No,-1,Medio,50 m,3D6,3,350,,15,2,20ga B3,,,,
44,404,Escopeta Mustang Arms Raider,Escopetas,Escopeta,Mustang Arms,Raider,Común,Largo,0,Medio,50 m,4D6,3,400,,5,2,12ga B3,,,,
45,405,Escopeta Mustang Arms Raider Plus,Escopetas,Escopeta,Mustang Arms,Raider Plus,Común,No,0,Medio,50 m,4D6,3,415,,9,2,12ga B3,,,,
46,398,Escopeta Royal Enfield LastChance,Escopetas,Escopeta,Royal Enfield,LastChance,Común,Chaqueta,0,Poco Fiable,25 m,4D6,3,60,,1,1,12ga B12,,,,
47,49,Escopeta Sternmeyer Crusher 12,Escopetas,Escopeta,Sternmeyer,Crusher 12,Rara,Largo,0,Medio,50 m,5D6,2.5,485,,10,2,13 ga,,,,
48,406,Escopeta Sternmeyer Stakeout 10,Escopetas,Escopeta,Sternmeyer,Stakeout 10,Rara,Largo,-2,Medio,50 m,4D6,3,450,,10,2,12ga B3,,,,
49,414,Escopeta Swan-off Shotgun,Escopetas,Escopeta,Swan-off,Shotgun,Común,Chaqueta,-1,Muy Fiable,10 m,4D6,3,100,,2,2,12ga B6,,,,
50,415,Escopeta Tsinami Ragnarok,Escopetas,Escopeta,Tsinami,Ragnarok,Rara,No,0,Medio,70 m,6D6,3,4500,Puede disparar ráfagas de 20 tiros,40,2,12ga ET B8,,,,
51,411,Escopeta Whippet Scattergun,Escopetas,Escopeta,Whippet,Scattergun,Mala,Chaqueta,-3,Muy Fiable,15 m,4D6,3,200,,2,2,12ga B6,,,,
52,51,Espada Hanwei Ancha (Filo),Armas de Cuerpo a Cuerpo,Arma Cuerpo a Cuerpo,Hanwei,Espada Ancha,Rara,Largo,0,Muy Fiable,1 m,3D6,2,110,,,,,,,,
53,52,Espada Hanwei Bastarda (Filo),Armas de Cuerpo a Cuerpo,Arma Cuerpo a Cuerpo,Hanwei,Espada Bastarda,Rara,No,0,Muy Fiable,1 m,4D6,2,220,,,,,,,,
54,53,Espada Hanwei Claymore (Filo),Armas de Cuerpo a Cuerpo,Arma Cuerpo a Cuerpo,Hanwei,Espada Claymore,Rara,No,0,Muy Fiable,1 m,4D6,2,200,,,,,,,,
55,54,Espada Hanwei Corta (Filo),Armas de Cuerpo a Cuerpo,Arma Cuerpo a Cuerpo,Hanwei,Espada Corta,Rara,Largo,0,Muy Fiable,1 m,2D6,1.5,100,,,,,,,,
56,55,Espada Hanwei Larga (Filo),Armas de Cuerpo a Cuerpo,Arma Cuerpo a Cuerpo,Hanwei,Espada Larga,Común,No,0,Muy Fiable,1 m,3D6,1,100,,,,,,,,
57,56,Explosivo Casero Molotov,Armas Pesadas,Explosivo,Sin Marca,Molotov,Rara,No,0,Muy Fiable,2 m,2D10,0.5,10,,1,1,,,,,
58,57,Explosivo Kalasnikov PVV-5A,Armas Pesadas,Explosivo,Kalasnikov,PVV-5A,Mala,Bolsillo,0,Muy Fiable,5 m,8D10,1,140,,1,1,,,,,
59,58,Explosivo Militech Arms C-6,Armas Pesadas,Explosivo,Militech Arms,C-6,Mala,Bolsillo,0,Muy Fiable,4 m,7D10+2,1,130,,1,1,,,,,
60,59,Explosivo Militech Arms TNT,Armas Pesadas,Explosivo,Militech Arms,TNT,Mala,Chaqueta,0,Muy Fiable,3 m,4D10,0.5,100,,1,1,,,,,
61,60,Explosivo Nelspot Semtex-H,Armas Pesadas,Explosivo,Nelspot,Semtex-H,Mala,Bolsillo,0,Muy Fiable,4 m,7D10,1,120,,1,1,,,,,
62,61,Flagelo David Morgan,Armas de Cuerpo a Cuerpo,Arma Cuerpo a Cuerpo,David Morgan,Flagelo,Rara,Largo,0,Muy Fiable,1 m,2D6,1,120,,,,,,,,
63,62,Fusil de Asalto Ligero Arasaka Texas 5,Fusiles,Fusil de Asalto Ligero,Arasaka,Texas 5,Excelente,No,2,Poco Fiable,400 m,5D6,3,480,,30,30,5.56 mm,,,,
64,63,Fusil de Asalto Ligero Colt M16A,Fusiles,Fusil de Asalto Ligero,Colt,M16A,Excelente,No,-1,Poco Fiable,400 m,5D6,3,410,,35,20,5.56 mm,,,,
65,64,Fusil de Asalto Ligero Colt M16A2,Fusiles,Fusil de Asalto Ligero,Colt,M16A2,Común,No,0,Poco Fiable,400 m,5D6,3,420,,35,20,5.56 mm,,,,
66,65,Fusil de Asalto Ligero Colt M19,Fusiles,Fusil de Asalto Ligero,Colt,M19,Común,No,0,Poco Fiable,400 m,5D6,3,455,,30,25,5.56 mm,,,,
67,66,Fusil de Asalto Ligero EuroArms LC50,Fusiles,Fusil de Asalto Ligero,EuroArms,LC50,Común,No,1,Poco Fiable,400 m,5D6,3,470,,30,30,5.56 mm,,,,
68,67,Fusil de Asalto Ligero Heckler & Koch 33A5,Fusiles,Fusil de Asalto Ligero,Heckler & Koch,33A5,Común,No,1,Poco Fiable,400 m,5D6,3,490,,30,30,5.56 mm,,,,
69,69,Fusil de Asalto Ligero Kalasnikov AK-200,Fusiles,Fusil de Asalto Ligero,Kalasnikov,AK-200,Común,No,0,Medio,400 m,5D6,3,475,,30,20,5.56 mm,,,,
70,70,Fusil de Asalto Ligero Militech Arms Ronin,Fusiles,Fusil de Asalto Ligero,Militech Arms,Ronin,Común,No,1,Muy Fiable,400 m,5D6,3,450,,35,30,5.56 mm,,,,
71,71,Fusil de Asalto Ligero Militech Arms Sohei,Fusiles,Fusil de Asalto Ligero,Militech Arms,Sohei,Común,No,0,Poco Fiable,400 m,5D6,3,460,,30,30,5.56 mm,,,,
72,72,Fusil de Asalto Ligero Styer Aug IWS-2000,Fusiles,Fusil de Asalto Ligero,Styer Aug,IWS-2000,Excelente,No,1,Muy Fiable,400 m,5D6+1,3,500,,35,30,5.56 mm,,,,
73,73,Fusil de Asalto Medio Avtomat Kalashnikova AK-47,Fusiles,Fusil de Asalto Medio,Avtomat Kalashnikova,AK-47,Común,No,0,Muy Fiable,400 m,5D6+2,3.5,520,,30,30,7.62 mm SovL,,,,
74,74,Fusil de Asalto Medio Avtomat Kalashnikova AKM,Fusiles,Fusil de Asalto Medio,Avtomat Kalashnikova,AKM,Excelente,No,1,Medio,400 m,6D6,3.5,550,,30,20,7.62 mm NATO,,,,
75,75,Fusil de Asalto Medio Avtomat Kalashnikova AKMS,Fusiles,Fusil de Asalto Medio,Avtomat Kalashnikova,AKMS,Excelente,No,1,Muy Fiable,400 m,6D6,3.5,560,,30,30,7.62 mm SovL,,,,
76,76,Fusil de Asalto Medio Avtomat Kalashnikova AKR-20,Fusiles,Fusil de Asalto Medio,Avtomat Kalashnikova,AKR-20,Común,No,0,Medio,400 m,5D6+2,3.5,500,,30,30,7.62 mm SovL,,,,
77,77,Fusil de Asalto Medio Winchester M70,Fusiles,Fusil de Asalto Medio,Winchester,M70,Común,No,-1,Poco Fiable,400 m,6D6+1,3.5,580,,30,20,7.62 mm NATO,,,,
78,78,Fusil de Asalto Pesado Budget Arms F-762,Fusiles,Fusil de Asalto Pesado,Budget Arms,F-762,Común,No,-2,Medio,400 m,6D6+2,4,620,,30,20,7.62 mm SovS,,,,
79,79,Fusil de Asalto Pesado Fabrique Nationale FAL,Fusiles,Fusil de Asalto Pesado,Fabrique Nationale,FAL,Común,No,-1,Muy Fiable,400 m,6D6+2,4,600,,30,30,12.7 mm,,,,
80,80,Fusil de Asalto Pesado Kalasnikov A-80,Fusiles,Fusil de Asalto Pesado,Kalasnikov,A-80,Excelente,No,-1,Medio,400 m,6D6+2,4,550,,35,25,12.7 mm,,,,
81,81,Fusil de Asalto Pesado Militech Arms Samurai,Fusiles,Fusil de Asalto Pesado,Militech Arms,Samurai,Excelente,No,0,Medio,400 m,6D6+2,4,610,,30,25,7.62 mm SovS,,,,
82,82,Fusil de Dardos Avante 5000,Fusiles,Arma de Aire,Avante,de Dardos 5000,Excelente,No,1,Muy Fiable,200 m,Aturdir,2,1500,,1,1,,,,,
83,83,Fusil de Francotirador AWC Systems G3,Fusiles,Fusil de Francotirador,AWC Systems,G3,Rara,No,0,Medio,1.000 m,5D6+2,4,565,,20,6,7.62 mm NATO,,,,
84,84,Fusil de Francotirador Barret-Arasaka M82A4,Fusiles,Fusil de Francotirador,Barret-Arasaka,M82A4,Excelente,No,0,Muy Fiable,2.500 m,6D6+1,4,600,,30,10,12.7 mm,,,,
85,85,Fusil de Francotirador Fabrique Nationale Snipper 2030,Fusiles,Fusil de Francotirador,Fabrique Nationale,Snipper 2030,Común,No,0,Medio,1.500 m,6D6,4,580,,30,10,12.7 mm,,,,
86,86,Fusil de Francotirador Heckler & Koch PSG3,Fusiles,Fusil de Francotirador,Heckler & Koch,PSG3,Común,No,1,Muy Fiable,1.500 m,5D6+2,4,570,,20,6,7.62 mm SovS,,,,
87,87,Fusil de Francotirador RH-Alan RT-20A,Fusiles,Fusil de Francotirador,RH-Alan,RT-20A,Rara,No,-1,Poco Fiable,1.500 m,7D6,6,1500,,30,1,15 mm,,,,
88,88,Fusil de Francotirador Winchester Modelo 72,Fusiles,Fusil de Francotirador,Winchester,Modelo 72,Común,No,-1,Medio,600 m,5D6,4,550,,10,1,6.5 mm,,,,
89,231,Fusil de Pulso Techtronica M-40,Fusiles,Fusil Medio,Techtronica,M-40,Rara,No,0,Medio,50 m,EMP,3,3500,,6,1,,,,,
90,91,Fusta David Morgan,Armas de Cuerpo a Cuerpo,Arma Cuerpo a Cuerpo,David Morgan,Fusta,Común,Chaqueta,0,Muy Fiable,1 m,1D3,0.5,30,,,,,,,,
91,18,Garras Cibernetica INC (Filo),Armas de Cuerpo a Cuerpo,Ciberarma,Cibernética INC,Garras,Rara,No,0,Muy Fiable,1 m,3D6,0,0,,,,,,,,
92,92,Garrote For Bat,Armas de Cuerpo a Cuerpo,Arma Cuerpo a Cuerpo,For Bat,Garrote,Común,Largo,0,Muy Fiable,1 m,2D6,1,0,,,,,,,,
93,93,Granada Militech Arms Conmocionadora,Armas Pesadas,Granada,Militech Arms,Conmocionadora,Mala,Bolsillo,0,Muy Fiable,5 m,Aturdir,0.5,20,,1,1,,,,,
94,95,Granada Militech Arms Deslumbrantes,Armas Pesadas,Granada,Militech Arms,Deslumbrantes,Mala,Bolsillo,0,Muy Fiable,5 m,Ceguera (4T),0.5,20,,1,1,,,,,
95,96,Granada Militech Arms Fragmentación,Armas Pesadas,Granada,Militech Arms,Fragmentación,Mala,Bolsillo,0,Muy Fiable,5 m,7D6,0.5,30,,1,1,,,,,
96,97,Granada Militech Arms Incendiaria,Armas Pesadas,Granada,Militech Arms,Incendiaria,Mala,Bolsillo,0,Muy Fiable,5 m,4D6 (3T),0.5,30,,1,1,,,,,
97,98,Granada Militech Arms Sónica,Armas Pesadas,Granada,Militech Arms,Sónica,Mala,Bolsillo,0,Muy Fiable,5 m,Sordera (4T),0.5,20,,1,1,,,,,
98,235,Granada Militech Arms de Estallido,Armas Pesadas,Explosivo,Militech,Flashbang,Mala,Bolsillo,0,Muy Fiable,Lanzar,4D10 (At -2),0.5,40,Daño no letal,1,1,,,,,
99,94,Granada Militech Arms de Gas,Armas Pesadas,Granada,Militech Arms,de Gas,Mala,Bolsillo,0,Muy Fiable,5 m,Variable,0.5,35,,1,1,,,,,
100,233,Granada Militech Arms de Pintura,Armas Pesadas,Explosivo,Militech Arms,Pintura,Común,Bolsillo,0,Medio,Lanzar,Especial (4m),0.5,20,,1,1,,,,,
101,99,Guante Cibernética INC de Combate,Armas de Cuerpo a Cuerpo,Arma Cuerpo a Cuerpo,Cibernética INC,Guante de Combate,Mala,No,0,Muy Fiable,1 m,2D6/3D6,1.5,900,Acepta opciones cibernéticas,,,,,,,
102,101,Hacha Fiskars de Leñador (Filo),Armas de Cuerpo a Cuerpo,Arma Cuerpo a Cuerpo,Fiskars,Hacha de Leñador,Común,Largo,0,Muy Fiable,1 m,2D6,2,40,,,,,,,,
103,102,Hacha Fiskars de Mano (Filo),Armas de Cuerpo a Cuerpo,Arma Cuerpo a Cuerpo,Fiskars,Hacha de Mano,Mala,Largo,0,Muy Fiable,1 m,1D6,1,20,,,,,,,,
104,100,Hacha Hanwei de Combate (Filo),Armas de Cuerpo a Cuerpo,Arma Cuerpo a Cuerpo,Hanwei,Hacha de Combate,Común,No,0,Muy Fiable,1 m,3D6,1.5,70,,,,,,,,
105,103,Jutte Hattori (Filo),Armas de Cuerpo a Cuerpo,Arma de Arte Marcial,Hattori,Jutte,Rara,Chaqueta,0,Muy Fiable,1 m,2D6,0.5,100,,,,,,,,
106,104,Kama Hattori (Filo),Armas de Cuerpo a Cuerpo,Arma de Arte Marcial,Hattori,Kama,Rara,Chaqueta,0,Muy Fiable,1 m,1D6,0.5,50,,,,,,,,
107,105,Katana Hattori (Filo),Armas de Cuerpo a Cuerpo,Arma de Arte Marcial,Hattori,Katana,Rara,Largo,0,Muy Fiable,1 m,3D6,1.5,200,,,,,,,,
108,106,Kodachi Hattori (Filo),Armas de Cuerpo a Cuerpo,Arma de Arte Marcial,Hattori,Kodachi,Rara,Chaqueta,0,Muy Fiable,1 m,2D6,0.8,110,,,,,,,,
109,107,Kusarigama Hattori (Filo),Armas de Cuerpo a Cuerpo,Arma de Arte Marcial,Hattori,Kusarigama,Rara,Largo,0,Muy Fiable,3 m,2D6+1,1,150,,,,,,,,
110,108,Lanza Hanwei (Filo),Armas de Cuerpo a Cuerpo,Arma Cuerpo a Cuerpo,Hanwei,Lanza,Común,No,0,Muy Fiable,"1,5 m",3D6,1,50,,,,,,,,
111,19,Lanzador de Micromisiles Cibernetica INC,Armas Pesadas,Ciberarma,Cibernética INC,Lanzador de Micromisiles,Rara,No,1,Muy Fiable,500 m,4D6,0,0,,4,1,,,,,
112,20,Lanzagranadas Cibernetica INC acoplado a Cibermiembro,Armas Pesadas,Ciberarma,Cibernética INC,Lanzagranadas,Rara,No,1,Muy Fiable,200 m,N/A,0,0,,1,1,,,,,
113,109,Lanzagranadas Militech Arms GAP acoplada a FUS,Armas Pesadas,Lanzagranadas,Militech Arms,GAP acoplada a FUS,Rara,Largo,0,Muy Fiable,225 m,N/A,2,150,,1,1,,,,,
114,110,Lanzagranadas Militech Arms GAP-A,Armas Pesadas,Lanzagranadas,Militech Arms,GAP-A,Rara,No,-2,Muy Fiable,750 m,6D10,8,1500,,1,1,,,,,
115,111,Lanzallamas Barret-Arasaka Lanzallamas K-A-F 253,Armas Pesadas,Lanzallamas,Barret-Arasaka,Lanzallamas K-A-F 253,Rara,No,-2,Medio,20 m,2D10,6,1500,,10,1,,,,,
116,21,Lanzallamas Cibernetica INC,Armas Pesadas,Ciberarma,Cibernética INC,Lanzallamas,Rara,No,1,Muy Fiable,10 m,2D6,0,0,,10,1,,,,,
117,112,Lanzamisiles Barret-Arasaka Lanzamisiles Scorpio 16,Armas Pesadas,Lanzamisiles,Barret-Arasaka,Lanzamisiles Scorpio 16,Rara,No,-1,Muy Fiable,8.000 m,7D10,8,3000,,1,1,,,,,
118,22,Láser Cibernetica INC,Pistolas y Revólveres,Ciberarma,Cibernética INC,Láser,Rara,No,1,Muy Fiable,50 m,3D6,0,0,,20,2,,,,,
119,113,Látigo David Morgan,Armas de Cuerpo a Cuerpo,Arma Cuerpo a Cuerpo,David Morgan,Látigo,Común,Chaqueta,0,Muy Fiable,1 m,1D6,0.5,50,,,,,,,,
120,114,Mangwanga Hattori (Filo),Armas de Cuerpo a Cuerpo,Arma de Arte Marcial,Hattori,Mangwanga,Rara,Largo,0,Muy Fiable,1 m,2D6,1.5,60,,,,,,,,
121,23,Mano Cibernetica INC Claveteada (Filo),Armas de Cuerpo a Cuerpo,Ciberarma,Cibernética INC,Mano Claveteada,Rara,No,0,Muy Fiable,1 m,1D6+3,0,0,,,,,,,,
122,27,Mano Cibernetica INC Destripadora (Filo),Armas de Cuerpo a Cuerpo,Ciberarma,Cibernética INC,Mano Destripadora,Rara,No,0,Muy Fiable,1 m,2D6,0,0,,,,,,,,
123,24,Mano Cibernetica INC con Garra (Filo),Armas de Cuerpo a Cuerpo,Ciberarma,Cibernética INC,Mano con Garra,Rara,No,0,Muy Fiable,1 m,1D6,0,0,,,,,,,,
124,228,Mano Cibernetica INC con Látigo,Armas de Cuerpo a Cuerpo,Ciberarma,Cibernetica INC,Cyberwhip,Rara,Bolsillo,0,Muy Fiable,2 m,1D6,1,1000,Extensible desde la parte baja de la muñeca. Se almacena en el antebrazo.,,,,,,,
125,25,Mano Cibernetica INC con Martillo,Armas de Cuerpo a Cuerpo,Ciberarma,Cibernética INC,Mano con Martillo,Rara,No,0,Muy Fiable,1 m,1D10,0,0,,,,,,,,
126,26,Mano Cibernetica INC con Sierra (Filo),Armas de Cuerpo a Cuerpo,Ciberarma,Cibernética INC,Mano con Sierra,Rara,No,0,Muy Fiable,1 m,2D6+2,0,0,,,,,,,,
127,115,Manrikigusari AMWA,Armas de Cuerpo a Cuerpo,Arma de Arte Marcial,AMWA,Manrikigusari,Rara,Largo,0,Muy Fiable,1 m,2D6,1.5,150,,,,,,,,
128,116,Mayal For Bat,Armas de Cuerpo a Cuerpo,Arma Cuerpo a Cuerpo,For Bat,Mayal,Rara,Largo,0,Muy Fiable,1 m,3D6,1.5,70,,,,,,,,
129,117,Mayal For Bat de Combate,Armas de Cuerpo a Cuerpo,Arma Cuerpo a Cuerpo,For Bat,Mayal de Combate,Rara,No,0,Muy Fiable,1 m,4D6,2,120,,,,,,,,
130,118,Maza For Bat,Armas de Cuerpo a Cuerpo,Arma Cuerpo a Cuerpo,For Bat,Maza,Mala,Largo,0,Muy Fiable,1 m,3D6,1.5,60,,,,,,,,
131,119,Maza For Bat de Combate,Armas de Cuerpo a Cuerpo,Arma Cuerpo a Cuerpo,For Bat,Maza de Combate,Rara,No,0,Muy Fiable,1 m,4D6,2,100,,,,,,,,
132,120,Minas Militech Arms Antipersonales,Armas Pesadas,Minas,Militech Arms,Antipersonales,Mala,Largo,0,Muy Fiable,12 m,4D10,1,350,,1,1,,,,,
133,234,Monocable (Monofilo),Armas de Cuerpo a Cuerpo,Monofilo,Kendachi,Monowire,Rara,Bolsillo,0,Muy Fiable,1m,3D6,0.5,60,Cable con monofilo,,,,,,,
134,121,Monocuchillo Kendachi (Monofilo),Armas de Cuerpo a Cuerpo,Arma de Arte Marcial,Kendachi,Monocuchillo,Mala,Chaqueta,1,Muy Fiable,1 m,2D6,0.5,100,,,,,,,,
135,122,Monokatana Kendachi (Monofilo),Armas de Cuerpo a Cuerpo,Arma de Arte Marcial,Kendachi,Monokatana,Rara,Largo,1,Muy Fiable,1 m,4D6,1,300,,,,,,,,
136,123,Monolátigo Kendachi,Armas de Cuerpo a Cuerpo,Arma de Arte Marcial,Kendachi,Monolátigo,Mala,Largo,1,Muy Fiable,1 m,2D6,1,240,,,,,,,,
137,124,Mononagitana Kendachi (Monofilo),Armas de Cuerpo a Cuerpo,Arma de Arte Marcial,Kendachi,Mononagitana,Rara,No,1,Muy Fiable,2 m,5D6,1,300,,,,,,,,
138,125,Mononinja-to Kendachi (Monofilo),Armas de Cuerpo a Cuerpo,Arma de Arte Marcial,Kendachi,Mononinja-to,Rara,No,1,Muy Fiable,1 m,3D6,1,360,,,,,,,,
139,126,Monowakizashi Kendachi (Monofilo),Armas de Cuerpo a Cuerpo,Arma de Arte Marcial,Kendachi,Monowakizashi,Mala,Bolsillo,1,Muy Fiable,1 m,3D6,0.5,200,,,,,,,,
140,127,Nagitana Hattori (Filo),Armas de Cuerpo a Cuerpo,Arma de Arte Marcial,Hattori,Nagitana,Mala,No,0,Muy Fiable,2 m,4D6,1.5,150,,,,,,,,
141,128,Navaja Eikhorn (Filo),Armas de Cuerpo a Cuerpo,Arma Cuerpo a Cuerpo,Eikhorn,Navaja,Común,Bolsillo,0,Muy Fiable,1 m,1D3,0.5,25,,,,,,,,
142,129,Ninja-to Hattori (Filo),Armas de Cuerpo a Cuerpo,Arma de Arte Marcial,Hattori,Ninja-to,Rara,Largo,0,Muy Fiable,1 m,2D6,1,180,,,,,,,,
143,130,Nodachi Hattori (Filo),Armas de Cuerpo a Cuerpo,Arma de Arte Marcial,Hattori,Nodachi,Rara,No,0,Muy Fiable,1 m,4D6,1.5,250,,,,,,,,
144,186,Nudillos de Acero,Armas de Cuerpo a Cuerpo,Arma Cuerpo a Cuerpo,Sin Marca,Nudillos de Acero,Común,Bolsillo,0,Muy Fiable,1 m,1D6,1,10,,,,,,,,
145,28,Nudillos de Acero Cibernetica INC,Armas de Cuerpo a Cuerpo,Ciberarma,Cibernética INC,Nudillos de Acero,Rara,No,0,Muy Fiable,1 m,1D6+2,0,0,,,,,,,,
146,131,Nunchaku AMWA,Armas de Cuerpo a Cuerpo,Arma de Arte Marcial,AMWA,Nunchaku,Común,Largo,0,Muy Fiable,1 m,2D6,1,150,,,,,,,,
147,132,Palo,Armas de Cuerpo a Cuerpo,Arma Cuerpo a Cuerpo,Sin Marca,Palo,Común,Largo,0,Muy Fiable,1 m,1D6,0.5,0,,,,,,,,
148,1,Pistola Inmovilizadora Militech Electronics C2,Pistolas y Revólveres,Accesorio de Defensa,Militech Electronics,Inmovilizadora C2,Excelente,Bolsillo,0,Muy Fiable,Contacto,Aturdir,0.5,100,,100,1,,,,,
149,2,Pistola Inmovilizadora Militech Electronics M18L,Pistolas y Revólveres,Accesorio de Defensa,Militech Electronics,Inmovilizadora M18L,Excelente,Chaqueta,-2,Muy Fiable,2 m,1D3 + Aturdir,0.5,160,,100,1,,,,,
150,3,Pistola Inmovilizadora Militech Electronics X26C,Pistolas y Revólveres,Accesorio de Defensa,Militech Electronics,Inmovilizadora X26C,Excelente,Chaqueta,-1,Muy Fiable,2 m,1D2 + Aturdir,0.5,120,,100,1,,,,,
151,138,Pistola Inyectora Enertex AKM,Pistolas y Revólveres,Arma de Aire,Enertex,Inyectora AKM,Excelente,Chaqueta,-2,Muy Fiable,0 m,Drogas,0.5,150,,1,1,,,,,
152,139,Pistola Inyectora Nelspot Wombat,Pistolas y Revólveres,Arma de Aire,Nelspot,Inyectora Wombat,Excelente,Chaqueta,-1,Poco Fiable,0 m,Drogas,0.5,180,,1,1,,,,,
153,236,Pistola Ligera Astra Style-6,Pistolas y Revólveres,Pistola Ligera,Astra,Style-6,Común,Bolsillo,-1,Poco Fiable,50 m,1D6,0.5,75,,6,2,5 mm,,,,
154,244,Pistola Ligera Browning .25,Pistolas y Revólveres,Pistola Ligera,Browning,.25,Excelente,Chaqueta,1,Poco Fiable,50 m,1D6+1,0.5,20,,5,2,.25 C,,,,
155,144,Pistola Ligera Browning Mini-Power,Pistolas y Revólveres,Pistola Ligera,Browning,Mini-Power,Excelente,Bolsillo,0,Medio,50 m,1D6+1,0.5,80,,7,1,5 mm,,,,
156,145,Pistola Ligera Budget Arms C-13,Pistolas y Revólveres,Pistola Ligera,Budget Arms,C-13,Excelente,Bolsillo,-1,Medio,50 m,1D6-1,0.5,85,,8,2,5 mm,,,,
157,146,Pistola Ligera Budget Arms C-14,Pistolas y Revólveres,Pistola Ligera,Budget Arms,C-14,Común,Bolsillo,0,Muy Fiable,50 m,1D6+1,0.5,80,,12,2,6 mm,,,,
158,248,Pistola Ligera Colt .38 Detective,Pistolas y Revólveres,Pistola Ligera,Colt,.38 Detective,Común,Chaqueta,1,Muy Fiable,50 m,1D6+2,0.5,50,,6,1,.38 C,,,,
159,237,Pistola Ligera Czar Beretta,Pistolas y Revólveres,Pistola Ligera,Czar,Beretta,Común,Bolsillo,-1,Poco Fiable,40 m,1D6,0.5,50,,8,2,5 mm,,,,
160,147,Pistola Ligera Dai Lung Cybermag 15,Pistolas y Revólveres,Pistola Ligera,Dai Lung,Cybermag 15,Común,Bolsillo,-1,Poco Fiable,50 m,1D6,0.5,65,,10,2,6 mm,,,,
161,239,Pistola Ligera Federated Arms .22,Pistolas y Revólveres,Pistola Ligera,Federated Arms,.22,Excelente,Chaqueta,0,Medio,50 m,1D6,0.5,50,,10,2,.22,,,,
162,238,Pistola Ligera Federated Arms Impact,Pistolas y Revólveres,Pistola Ligera,Federated Arms,Impact,Excelente,Chaqueta,1,Muy Fiable,50 m,1D6,0.5,60,,10,2,.22,,,,
163,148,Pistola Ligera Federated Arms X-22,Pistolas y Revólveres,Pistola Ligera,Federated Arms,X-22,Excelente,Chaqueta,0,Medio,50 m,1D6+1,0.5,75,,10,2,6 mm,,,,
164,249,Pistola Ligera Federated Arms X-38,Pistolas y Revólveres,Pistola Ligera,Federated Arms,X-38,Excelente,Chaqueta,1,Medio,50 m,2D6,0.5,35,,10,2,.38,,,,
165,149,Pistola Ligera Glock Defender,Pistolas y Revólveres,Pistola Ligera,Glock,Defender,Excelente,Bolsillo,1,Muy Fiable,50 m,1D6-1,0.5,70,,8,2,6 mm,,,,
166,246,Pistola Ligera Heckler & Koch P-11,Pistolas y Revólveres,Pistola Ligera,Heckler & Koch,P-11,Mala,Chaqueta,0,Muy Fiable,50 m,4D6+1,0.5,700,,5,1,6 mm R,,,,
167,240,Pistola Ligera Hi Standard Derringer,Pistolas y Revólveres,Pistola Ligera,Hi,Standard Derringer,Común,Bolsillo,-1,Medio,50 m,1D6,0.5,25,,2,1,.22 C,,,,
168,247,Pistola Ligera Light Autopistol,Pistolas y Revólveres,Pistola Ligera,Light,Autopistol,Excelente,Chaqueta,0,Poco Fiable,50 m,1D6+2,0.5,100,,10,2,7 mm,,,,
169,243,Pistola Ligera Mauser M 1896,Pistolas y Revólveres,Pistola Ligera,Mauser,M 1896,Excelente,Chaqueta,2,Medio,50 m,1D6+1,0.5,50,,10,2,7.65 C,,,,
170,150,Pistola Ligera Militech Arms Aems Needler,Pistolas y Revólveres,Pistola Ligera,Militech Arms,Aems Needler,Común,Bolsillo,1,Medio,50 m,1D6,0.5,100,,8,2,5 mm,,,,
171,241,Pistola Ligera Ruger MKII Standard,Pistolas y Revólveres,Pistola Ligera,Ruger,MKII Standard,Común,Chaqueta,2,Medio,50 m,1D6,0.5,25,,13,2,.22Ing C,,,,
172,151,Pistola Ligera Star Personal Firegun,Pistolas y Revólveres,Pistola Ligera,Star,Personal Firegun,Excelente,Bolsillo,1,Muy Fiable,50 m,1D6,0.5,75,,7,1,7 mm,,,,
173,242,Pistola Ligera Tokarev 1933 TT-33,Pistolas y Revólveres,Pistola Ligera,Tokarev,1933 TT-33,Común,Chaqueta,1,Muy Fiable,50 m,1D6+1,0.5,50,,8,2,7.65 C,,,,
174,245,Pistola Ligera Towa 12 Police Pistol,Pistolas y Revólveres,Pistola Ligera,Towa,12 Police Pistol,Mala,Chaqueta,3,Muy Fiable,50 m,1D6+1,0.5,450,,8,2,6 mm,,,,
175,140,Pistola Láser LaserTech LP1 Quimera,Pistolas y Revólveres,Arma Láser,LasertTech,LP1 Quimera,Común,Chaqueta,2,Muy Fiable,40 m,2D6,0.5,2000,,25,2,,,,,
176,141,Pistola Láser LaserTech LP2 Pegaso,Pistolas y Revólveres,Arma Láser,LasertTech,LP2 Pegaso,Común,Chaqueta,2,Muy Fiable,40 m,2D6,0.5,2400,,25,2,,,,,
177,142,Pistola Láser LaserTech LP3 Hidra,Pistolas y Revólveres,Arma Láser,LasertTech,LP3 Hidra,Común,Chaqueta,2,Muy Fiable,40 m,3D6,0.5,2600,,40,2,,,,,
178,143,Pistola Láser LaserTech LP4 Cìclope,Pistolas y Revólveres,Arma Láser,LasertTech,LP4 Ciclope,Común,Largo,3,Muy Fiable,40 m,4D6,1,3200,,25,2,,,,,
179,285,Pistola Media Arasaka WSA,Pistolas y Revólveres,Pistola Media,Arasaka,WSA,Común,Chaqueta,0,Muy Fiable,50 m,2D6+3,1,400,,15,2,10 mm,,,,
180,152,Pistola Media Arasaka lowa 10,Pistolas y Revólveres,Pistola Media,Arasaka,lowa 10,Excelente,Chaqueta,1,Muy Fiable,50 m,2D6+3,1,145,,15,2,10 mm,,,,
181,259,Pistola Media Bereta Plas 9 Fashion,Pistolas y Revólveres,Pistola Media,Beretta,Plas 9 Fashion,Mala,Bolsillo,-1,Medio,50 m,2D6+1,1,200,,10,1,9 mm,,,,
182,153,Pistola Media Beretta ASIC,Pistolas y Revólveres,Pistola Media,Beretta,ASIC,Común,Chaqueta,0,Muy Fiable,50 m,2D6+3,1,150,,15,2,10 mm,,,,
183,269,Pistola Media Beretta M1951,Pistolas y Revólveres,Pistola Media,Beretta,M1951,Común,Chaqueta,0,Medio,50 m,2D6+1,1,150,,8,1,9 mm C,,,,
184,265,Pistola Media Beretta M92F,Pistolas y Revólveres,Pistola Media,Beretta,M92F,Rara,Chaqueta,1,Medio,50 m,2D6+1,1,100,,7,2,9 mm C,,,,
185,254,Pistola Media Beretta M97P,Pistolas y Revólveres,Pistola Media,Beretta,M97P,Mala,Chaqueta,2,Muy Fiable,50 m,2D6+1,1,480,,18,2,9 mm,,,,
186,154,Pistola Media Beretta SIC,Pistolas y Revólveres,Pistola Media,Beretta,SIC,Excelente,Chaqueta,1,Medio,50 m,2D6+3,1,135,,15,2,10 mm,,,,
187,264,Pistola Media Browning Hi-Power,Pistolas y Revólveres,Pistola Media,Browning,Hi-Power,Excelente,Chaqueta,1,Muy Fiable,50 m,2D6+1,1,150,,13,2,9 mm C,,,,
188,275,Pistola Media Budget Arms C-41,Pistolas y Revólveres,Pistola Media,Budget Arms,C-41,Excelente,Chaqueta,1,Muy Fiable,50 m,2D6+1,1,600,,10,3,.41 C,,,,
189,155,Pistola Media Budget Arms D-10,Pistolas y Revólveres,Pistola Media,Budget Arms,D-10,Excelente,Chaqueta,-1,Muy Fiable,50 m,2D6+3,1,130,,10,2,10 mm,,,,
190,291,Pistola Media C.O.P.  Derringer,Pistolas y Revólveres,Pistola Media,C.O.P. ,Derringer,Común,Bolsillo,0,Muy Fiable,50m,2D6+3,1,100,,4,2,.357 C,,,,
191,255,Pistola Media CCMMC Goaxing CM-3,Pistolas y Revólveres,Pistola Media,CCMMC,Goaxing CM-3,Común,Chaqueta,0,Medio,50 m,2D6+1,1,75,,8,2,9 mm,,,,
192,262,Pistola Media Calico Assault Pistol,Pistolas y Revólveres,Pistola Media,Calico,Assault Pistol,Común,Largo,0,Muy Fiable,50 m,2D6+1,1,450,,50,2,9 mm C,,,,
193,156,Pistola Media Certech P2 Silent Death,Pistolas y Revólveres,Pistola Media,Certech,P2 Silent Death,Rara,Chaqueta,2,Medio,50 m,2D6+3,1,165,,10,2,10 mm,,,,
194,278,Pistola Media Colt .45 Automatic,Pistolas y Revólveres,Pistola Media,Colt,.45 Automatic,Excelente,Chaqueta,1,Muy Fiable,50 m,2D6+2,1,200,,7,2,.45 C,,,,
195,277,Pistola Media Colt .45 Pacemaker,Pistolas y Revólveres,Pistola Media,Colt,.45 Pacemaker,Rara,Chaqueta,0,Muy Fiable,50 m,2D6+2,1,200,,6,1,.45 C,,,,
196,279,Pistola Media Colt Alpha-Omega 10,Pistolas y Revólveres,Pistola Media,Colt,Alpha-Omega 10,Común,Chaqueta,2,Muy Fiable,50 m,2D6+3,1,500,,10,2,10 mm,,,,
197,276,Pistola Media Colt Alpha-Omega 45,Pistolas y Revólveres,Pistola Media,Colt,Alpha-Omega 45,Común,Chaqueta,2,Muy Fiable,50 m,2D6+2,1,500,,10,2,.45 ACP,,,,
198,282,Pistola Media Colt Enforcement 10,Pistolas y Revólveres,Pistola Media,Colt,Enforcement 10,Común,Chaqueta,1,Muy Fiable,50 m,2D6+3,1,550,,14,2,10 mm,,,,
199,293,Pistola Media Colt Python,Pistolas y Revólveres,Pistola Media,Colt,Python,Excelente,Chaqueta,1,Medio,50m,2D6+3,1,250,,6,1,.357 C,,,,
200,157,Pistola Media Colt Tornado,Pistolas y Revólveres,Pistola Media,Colt,Tornado,Común,Chaqueta,0,Muy Fiable,50 m,2D6+3,1,170,,12,2,10 mm,,,,
201,260,Pistola Media Czar Makarov,Pistolas y Revólveres,Pistola Media,Czar,Makarov,Excelente,Chaqueta,-1,Poco Fiable,50 m,2D6+1,1,200,,12,2,9 mm,,,,
202,158,Pistola Media Dai Lung Streetmaster,Pistolas y Revólveres,Pistola Media,Dai Lung,Streetmaster,Excelente,Chaqueta,0,Poco Fiable,50 m,2D6+1,1,90,,12,2,10 mm,,,,
203,292,Pistola Media Desert Eagle,Pistolas y Revólveres,Pistola Media,Desert,Eagle,Común,Chaqueta,1,Muy Fiable,50m,2D6+3,1,250,,9,2,.357 C,,,,
204,283,Pistola Media Fabrique Nationale Browning 3-Spot,Pistolas y Revólveres,Pistola Media,Fabrique Nationale-Browning,3-Spot,Común,Chaqueta,1,Medio,50 m,2D6+3,1,425,,24,3,10 mm,,,,
205,263,Pistola Media Fabrique Nationale High Power,Pistolas y Revólveres,Pistola Media,Fabrique Nationale,High Power,Común,Chaqueta,1,Muy Fiable,50 m,2D6+1,1,150,,14,2,9 mm C,,,,
206,252,Pistola Media Fashion Gun 9,Pistolas y Revólveres,Pistola Media,Fashion,Gun 9,Excelente,Bolsillo,0,Poco Fiable,25 m,2D6+1,1,40,,7,2,9 mm,,,,
207,159,Pistola Media Federated Arms X-9B,Pistolas y Revólveres,Pistola Media,Federated Arms,X-9B,Excelente,Chaqueta,1,Poco Fiable,50 m,2D6+1,1,100,,12,2,.357 Magnum,,,,
208,160,Pistola Media Federated Arms X-9mm,Pistolas y Revólveres,Pistola Media,Federated Arms,X-9mm,Excelente,Chaqueta,0,Medio,50 m,2D6-1,1,95,,12,2,.357,,,,
209,253,Pistola Media Generic Wolverine,Pistolas y Revólveres,Pistola Media,Generic,Wolverine,Excelente,Chaqueta,1,Muy Fiable,50 m,2D6+1,1,250,,15,2,9 mm,,,,
210,266,Pistola Media Glock 17,Pistolas y Revólveres,Pistola Media,Glock,17,Común,Chaqueta,2,Muy Fiable,50 m,2D6+1,1,150,,17,2,9 mm C,,,,
211,161,Pistola Media Glock 18E,Pistolas y Revólveres,Pistola Media,Glock,18E,Excelente,Chaqueta,2,Medio,50 m,2D6+3,1,150,,10,2,10 mm,,,,
212,251,Pistola Media Goncz-Taurus Pistol,Pistolas y Revólveres,Pistola Media,Goncz-Taurus,Pistol,Excelente,Chaqueta,0,Medio,50 m,2D6+1,1,200,,15,2,9 mm,,,,
213,299,Pistola Media Hammer M-11 Bolt Pistol,Pistolas y Revólveres,Pistola Media,Hammer,M-11 Bolt Pistol,Mala,Chaqueta,2,Medio,30m,1D6+2,1,320,,10,2,9mm Bolt,,,,
214,162,Pistola Media Heckler & Koch AP2000,Pistolas y Revólveres,Pistola Media,Heckler & Koch,AP2000,Excelente,Chaqueta,1,Medio,50 m,2D6+3,1,140,,15,2,10 mm,,,,
215,163,Pistola Media Heckler & Koch MP2000,Pistolas y Revólveres,Pistola Media,Heckler & Koch,MP2000,Común,Chaqueta,-1,Medio,50 m,2D6+3,1,160,,15,2,10 mm,,,,
216,268,Pistola Media Heckler & Koch P9S,Pistolas y Revólveres,Pistola Media,Heckler & Koch,P9S,Común,Bolsillo,1,Muy Fiable,50 m,2D6+1,1,100,,9,2,9 mm C,,,,
217,280,Pistola Media IMI Gamad Mini,Pistolas y Revólveres,Pistola Media,IMI,Gamad Mini,Excelente,Bolsillo,0,Muy Fiable,50 m,2D6+3,1,575,,7,2,10 mm,,,,
218,281,Pistola Media IMI Gamad Plus,Pistolas y Revólveres,Pistola Media,IMI,Gamad Plus,Excelente,Chaqueta,1,Muy Fiable,50 m,2D6+3,1,600,,15,2,10 mm,,,,
219,284,Pistola Media LeRoi Maxi-10,Pistolas y Revólveres,Pistola Media,LeRoi,Maxi-10,Excelente,Chaqueta,-1,Poco Fiable,50 m,2D6+3,1,150,,10,2,10 mm,,,,
220,270,Pistola Media Luger Parabellum,Pistolas y Revólveres,Pistola Media,Luger,Parabellum,Común,Chaqueta,0,Medio,50 m,2D6+1,1,150,,8,1,9 mm C,,,,
221,164,Pistola Media Magnum Jericho 941F,Pistolas y Revólveres,Pistola Media,Magnum,Jericho 941F,Excelente,Bolsillo,0,Muy Fiable,50 m,2D6,1,100,,8,1,.357 Magnum,,,,
222,272,Pistola Media Mamba,Pistolas y Revólveres,Pistola Media,Mamba,Standard,Común,Chaqueta,1,Medio,50 m,2D6+1,1,150,,15,1,9 mm C,,,,
223,273,Pistola Media Mamba Autopistol,Pistolas y Revólveres,Pistola Media,Mamba,Autopistol,Rara,Chaqueta,1,Medio,50 m,2D6+1,1,200,,15,5,9 mm C,,,,
224,250,Pistola Media Medium Autopistol,Pistolas y Revólveres,Pistola Media,Medium,Autopistol,Común,Chaqueta,0,Medio,50 m,2D6+1,1,300,,10,2,9 mm,,,,
225,165,Pistola Media Militech Arms Avenger,Pistolas y Revólveres,Pistola Media,Militech Arms,Avenger,Excelente,Chaqueta,0,Muy Fiable,50 m,2D6,1,115,,10,2,9 mm,,,,
226,166,Pistola Media Militech Arms Avenger II,Pistolas y Revólveres,Pistola Media,Militech Arms,Avenger II,Excelente,Chaqueta,0,Poco Fiable,50 m,2D6+3,1,100,,12,2,10 mm,,,,
227,300,Pistola Media Militech Black Widow,Pistolas y Revólveres,Pistola Media,Militech,Black Widow,Mala,Chaqueta,1,Medio,30m,2D6,1,400,,10,2,Dardo,,,,
228,301,Pistola Media Militech Silver Shadow,Pistolas y Revólveres,Pistola Media,Militech,Silver Shadow,Mala,Chaqueta,0,Medio,30m,1D6,1,300,,8,2,Dardo,,,,
229,257,Pistola Media Sci Fi Starrior 4,Pistolas y Revólveres,Pistola Media,Sci Fi,Starrior 4,Excelente,Chaqueta,0,Poco Fiable,50 m,2D6+1,1,60,,12,2,9 mm,,,,
230,274,Pistola Media Sig Sauer P-210-2,Pistolas y Revólveres,Pistola Media,Sig Sauer,P-210-2,Mala,Chaqueta,2,Muy Fiable,50 m,2D6+1,1,150,,8,2,9 mm C,,,,
231,296,Pistola Media Stein & Wasserman .357 Magnum Autoloader,Pistolas y Revólveres,Pistola Media,Stein & Wasserman,.357 Magnum Autoloader,Común,Chaqueta,0,Muy Fiable,50m,2D6+3,1,300,,8,2,.357mag C,,,,
232,295,Pistola Media Stein & Wasserman .357 Magnum Revolver,Pistolas y Revólveres,Pistola Media,Stein & Wasserman,.357 Magnum Revolver,Común,Chaqueta,0,Muy Fiable,50m,2D6+3,1,250,,6,2,.357mag C,,,,
233,167,Pistola Media Stein & Wasserman ACP Chiefs Special,Pistolas y Revólveres,Pistola Media,Stein & Wasserman,ACP Chiefs Special,Excelente,Bolsillo,1,Medio,50 m,2D6,1,85,,8,2,9 mm,,,,
234,290,Pistola Media Stein & Wasserman Combat Magnum,Pistolas y Revólveres,Pistola Media,Stein & Wasserman,Combat Magnum,Común,Chaqueta,1,Muy Fiable,50 m,2D6+3,1,150,,6,2,.357 C,,,,
235,294,Pistola Media Stein & Wasserman Model 29,Pistolas y Revólveres,Pistola Media,Stein & Wasserman,Model 29,Común,Chaqueta,1,Muy Fiable,50m,2D6+3,1,200,,6,2,.357 C,,,,
236,297,Pistola Media Stein & Wasserman Tri-Star,Pistolas y Revólveres,Pistola Media,Stein & Wasserman,Tri-Star,Común,Chaqueta,0,Medio,50m,2D6x3,1,275,,6,2,.410 ga,,,,
237,286,Pistola Media Sternmeyer P-41,Pistolas y Revólveres,Pistola Media,Sternmeyer,P-41,Común,Chaqueta,0,Muy Fiable,50 m,2D6+3,1,425,,12,2,10 mm,,,,
238,287,Pistola Media Stolbovoy St-2 Pistol,Pistolas y Revólveres,Pistola Media,Stolbovoy,St-2 Pistol,Común,Chaqueta,0,Muy Fiable,50 m,2D6+3,1,450,,14,2,10 mm,,,,
239,271,Pistola Media Styer GB80,Pistolas y Revólveres,Pistola Media,Styer,GB80,Mala,Chaqueta,1,Medio,50 m,2D6+1,1,200,,18,2,9 mm C,,,,
240,288,Pistola Media Surprising Stranger,Pistolas y Revólveres,Pistola Media,Generic,Surprising Stranger,Excelente,Bolsillo,0,Medio,50 m,2D6+3,1,50,,4,2,10 mm,,,,
241,258,Pistola Media Teen Dreem,Pistolas y Revólveres,Pistola Media,Teen,Dreem,Excelente,Chaqueta,-1,Poco Fiable,50 m,2D6+1,1,36,Tiene un modo no automático de 2 balas y uno automático de las 10 balas del cargador,10,10,9 mm,,,,
242,261,Pistola Media Texas Arms 351 Gyrojet,Pistolas y Revólveres,Pistola Media,Texas Arms,351 Gyrojet,Común,Chaqueta,0,Poco Fiable,50 m,2D6+1,1,420,,8,2,9 mm G,,,,
243,289,Pistola Media Towa 13 Police Pistol,Pistolas y Revólveres,Pistola Media,Towa,13 Police Pistol,Mala,Chaqueta,2,Muy Fiable,50 m,2D6+3,1,500,,12,2,10 mm,,,,
244,298,Pistola Media Tsinami Express,Pistolas y Revólveres,Pistola Media,Tsinami,Express,Mala,Largo,3,Muy Fiable,75m,2D6+3,1,5300,,24,3,5.2 ET,,,,
245,168,Pistola Media Walther P99,Pistolas y Revólveres,Pistola Media,Walther,P99,Excelente,Bolsillo,-1,Poco Fiable,50 m,2D6+1,1,90,,8,2,.357,,,,
246,267,Pistola Media Walther PPK,Pistolas y Revólveres,Pistola Media,Walther,PPK,Común,Bolsillo,1,Medio,50 m,2D6+1,1,100,,7,2,9 mm C,,,,
247,330,Pistola Muy Pesada Ameritech Magnum,Pistolas y Revólveres,Pistola Muy Pesada,Ameritech,Magnum,Rara,Chaqueta,1,Muy Fiable,50 m,4D6+3,2,1000,,5,2,.454,,,,
248,169,Pistola Muy Pesada Armalite 12A,Pistolas y Revólveres,Pistola Muy Pesada,Armalite,12A,Excelente,Chaqueta,-1,Poco Fiable,50 m,4D6+1,2,240,,8,1,12 mm,,,,
249,321,Pistola Muy Pesada Armalite 44,Pistolas y Revólveres,Pistola Muy Pesada,Armalite,44,Excelente,Chaqueta,0,Medio,50 m,4D6+1,2,450,,8,1,12 mm,,,,
250,318,Pistola Muy Pesada C.A. Bulldog,Pistolas y Revólveres,Pistola Muy Pesada,C.A.,Bulldog,Común,Bolsillo,0,Muy Fiable,50 m,4D6,2,200,,5,1,.44 C,,,,
251,170,Pistola Muy Pesada Certech P1 Silencer,Pistolas y Revólveres,Pistola Muy Pesada,Certech,P1 Silencer,Rara,Chaqueta,1,Medio,50 m,6D6,2,275,,8,2,12.7 mm,,,,
252,171,Pistola Muy Pesada Ceska Zbrojovka CS45,Pistolas y Revólveres,Pistola Muy Pesada,Ceska Zbrojovka,CS45,Común,Chaqueta,1,Poco Fiable,50 m,4D6,2,210,,8,2,12 mm,,,,
253,322,Pistola Muy Pesada Colt AMT Model 2000,Pistolas y Revólveres,Pistola Muy Pesada,Colt,AMT Model 2000,Común,Chaqueta,0,Muy Fiable,50 m,4D6+1,2,500,,8,1,12 mm,,,,
254,328,Pistola Muy Pesada Constitution Arms MAP,Pistolas y Revólveres,Pistola Muy Pesada,Constitution Arms,MAP,Mala,Chaqueta,0,Muy Fiable,50 m,Varies,2,525,Consultar daño en manual Protect & Serve,5,1,12 mm C,,,,
255,331,Pistola Muy Pesada Federated Arms Super Chief,Pistolas y Revólveres,Pistola Muy Pesada,Federated Arms,Super Chief,Mala,Chaqueta,0,Muy Fiable,50 m,4D6+3,2,375,,5,1,.454 C,,,,
256,319,Pistola Muy Pesada Generic .44 Automag,Pistolas y Revólveres,Pistola Muy Pesada,Generic,.44 Automag,Mala,Chaqueta,1,Poco Fiable,50 m,4D6,2,250,,7,2,.44 C,,,,
257,316,Pistola Muy Pesada Generic .44 Mag Revolver,Pistolas y Revólveres,Pistola Muy Pesada,Generic,.44 Mag Revolver,Mala,Chaqueta,0,Muy Fiable,50 m,4D6,2,375,,6,1,.44 C,,,,
258,323,Pistola Muy Pesada Generic Vz/101,Pistolas y Revólveres,Pistola Muy Pesada,Generic,Vz/101,Mala,Chaqueta,0,Muy Fiable,50 m,4D6+1,2,450,,8,1,12 mm,,,,
259,173,Pistola Muy Pesada Heckler & Koch USMC 5,Pistolas y Revólveres,Pistola Muy Pesada,Heckler & Koch,USMC 5,Común,Chaqueta,0,Medio,50 m,4D6+1,2,260,,8,1,12.7 mm,,,,
260,174,Pistola Muy Pesada Heckler & Koch VP70,Pistolas y Revólveres,Pistola Muy Pesada,Heckler & Koch,VP70,Común,Chaqueta,-1,Medio,50 m,4D6+1,2,250,,8,2,12.7 mm,,,,
261,175,Pistola Muy Pesada Mallorian VHP5,Pistolas y Revólveres,Pistola Muy Pesada,Mallorian,VHP5,Rara,Largo,-2,Muy Fiable,50 m,4D6+1,2,350,,6,1,14.7 mm Malorian,,,,
262,339,Pistola Muy Pesada Malorian 3516,Pistolas y Revólveres,Pistola Muy Pesada,Malorian,3516,Rara,Chaqueta,-1,Muy Fiable,50 m,6D6,2,4525,,6,1,14 mm B12,,,,
263,337,Pistola Muy Pesada Militech Boomer-Buster,Pistolas y Revólveres,Pistola Muy Pesada,Militech,Boomer-Buster,Mala,Chaqueta,-1,Muy Fiable,50 m,5D6,2,450,"Cuando se usa como Rifle, sube PA a +1.",4,1,.477,,,,
264,336,Pistola Muy Pesada Nova Arms Arno,Pistolas y Revólveres,Pistola Muy Pesada,Nova Arms,Arno,Mala,Chaqueta,1,Muy Fiable,100 m,6D6+3,2,1799,,6,2,.454 ET,,,,
265,334,Pistola Muy Pesada Nova Arms Bronson,Pistolas y Revólveres,Pistola Muy Pesada,Nova Arms,Bronson,Mala,Chaqueta,1,Muy Fiable,80 m,5D6,2,1199,,6,2,.41 ET,,,,
266,335,Pistola Muy Pesada Nova Arms Eastwood,Pistolas y Revólveres,Pistola Muy Pesada,Nova Arms,Eastwood,Mala,Chaqueta,1,Muy Fiable,80 m,6D6,2,1499,,6,2,.44 ET,,,,
267,333,Pistola Muy Pesada Nova Arms Stallone,Pistolas y Revólveres,Pistola Muy Pesada,Nova Arms,Stallone,Mala,Chaqueta,1,Muy Fiable,60 m,4D6,2,999,,6,2,.357 ET,,,,
268,327,Pistola Muy Pesada Paltik Auto-Pistol,Pistolas y Revólveres,Pistola Muy Pesada,Paltik,Auto-Pistol,Común,Chaqueta,0,Medio,50 m,4D6+1,2,65,,10,5,12 mm,,,,
269,326,Pistola Muy Pesada Paltik Pistol,Pistolas y Revólveres,Pistola Muy Pesada,Paltik,Pistol,Común,Chaqueta,0,Medio,50 m,4D6+1,2,50,,10,1,12 mm,,,,
270,176,Pistola Muy Pesada Pierto Beretta Hi-Power 2000,Pistolas y Revólveres,Pistola Muy Pesada,Pierto Beretta,Hi-Power 2000,Común,Chaqueta,0,Muy Fiable,50 m,4D6,2,235,,8,1,12 mm,,,,
271,332,Pistola Muy Pesada Rhinemettal 1540se,Pistolas y Revólveres,Pistola Muy Pesada,Rhinemettal,1540se,Rara,Chaqueta,1,Muy Fiable,50 m,5D5,2,2300,,8,2,5.56 B10,,,,
272,229,Pistola Muy Pesada Royal Enfield Ordenance Spitfire,Pistolas y Revólveres,Pistola Muy Pesada,Royal Enfield,Ordenance Spitfire,Mala,Chaqueta,1,Muy Fiable,50 m,4D6+1,2,550,,12,1,12 mm,,,,
273,324,Pistola Muy Pesada Royal Enfield Spitfire,Pistolas y Revólveres,Pistola Muy Pesada,Royal Enfield,Spitfire,Mala,Chaqueta,1,Muy Fiable,50 m,4D6+1,2,550,,12,1,12 mm,,,,
274,325,Pistola Muy Pesada Royal Enfield Spitfire Doubletap,Pistolas y Revólveres,Pistola Muy Pesada,Royal Enfield,Spitfire Doubletap,Rara,Chaqueta,1,Muy Fiable,50 m,4D6+1,2,700,,12,2,12 mm,,,,
275,329,Pistola Muy Pesada Stein & Wasserman 454 Magnum Disposable,Pistolas y Revólveres,Pistola Muy Pesada,Stein & Wasserman,454 Magnum Disposable,Rara,Bolsillo,-2,Muy Fiable,40 m,4D6+3,2,100,,2,1,.454,,,,
276,317,Pistola Muy Pesada Stein & Wasserman Llama Commanche,Pistolas y Revólveres,Pistola Muy Pesada,Stein & Wasserman,Llama Commanche,Común,Chaqueta,0,Medio,50 m,4D6,2,250,,6,1,.44 C,,,,
277,320,Pistola Muy Pesada Very Heavy Autopistol,Pistolas y Revólveres,Pistola Muy Pesada,Very Heavy,Autopistol,Excelente,Chaqueta,0,Muy Fiable,50 m,4D6+1,2,800,,8,1,12 mm,,,,
278,312,Pistola Pesada Beretta M20-F,Pistolas y Revólveres,Pistola Pesada,Beretta,M20-F,Común,Chaqueta,1,Muy Fiable,50 m,3D6+3,1.5,750,,15,3,.357,,,,
279,178,Pistola Pesada Budget Arms Auto 3,Pistolas y Revólveres,Pistola Pesada,Budget Arms,Auto 3,Excelente,Chaqueta,-1,Poco Fiable,50 m,3D6,1.5,350,,8,2,10 mm,,,,
280,311,Pistola Pesada Dai Lung Magnum,Pistolas y Revólveres,Pistola Pesada,Dai Lung,Magnum,Excelente,Chaqueta,1,Poco Fiable,50 m,3D6+1,1.5,60,,10,2,.357 Magnum,,,,
281,307,Pistola Pesada Decker Gun,Pistolas y Revólveres,Pistola Pesada,Decker,Gun,Excelente,Chaqueta,-1,Muy Fiable,50 m,3D6,1.5,500,,10,2,11 mm,,,,
282,303,Pistola Pesada Espinoza One Shot,Pistolas y Revólveres,Pistola Pesada,Espinoza,One Shot,Excelente,Chaqueta,-1,Poco Fiable,50 m,3D6,1.5,75,,1,1,.50 short,,,,
283,179,Pistola Pesada Fabrique Nationale LP11,Pistolas y Revólveres,Pistola Pesada,Fabrique Nationale,LP11,Común,Chaqueta,0,Muy Fiable,50 m,3D6+1,1.5,190,,9,1,11 mm,,,,
284,180,Pistola Pesada Federated Arms X-11,Pistolas y Revólveres,Pistola Pesada,Federated Arms,X-11,Común,Largo,-1,Muy Fiable,50 m,3D6,1.5,180,,10,2,11 mm,,,,
285,304,Pistola Pesada Heavy Autopistol,Pistolas y Revólveres,Pistola Pesada,Heavy,Autopistol,Excelente,Chaqueta,-1,Muy Fiable,50 m,3D6,1.5,500,,10,2,11 mm,,,,
286,181,Pistola Pesada Heckler & Koch AP2010,Pistolas y Revólveres,Pistola Pesada,Heckler & Koch,AP2010,Común,Chaqueta,0,Medio,50 m,3D6,1.5,175,,10,2,11 mm,,,,
287,182,Pistola Pesada Heckler & Koch Mark 23,Pistolas y Revólveres,Pistola Pesada,Heckler & Koch,Mark 23,Común,Chaqueta,0,Medio,50 m,3D6,1.5,165,,8,2,10 mm,,,,
288,183,Pistola Pesada Mallorian HP3,Pistolas y Revólveres,Pistola Pesada,Mallorian,HP3,Común,Chaqueta,0,Medio,50 m,3D6,1.5,185,,8,2,11 mm,,,,
289,302,Pistola Pesada Malorian Heavy Flechette,Pistolas y Revólveres,Pistola Pesada,Malorian,Heavy Flechette,Común,Chaqueta,1,Medio,50 m,1D6+1,1.5,595,,25,2,4 mm Flechettes,,,,
290,305,Pistola Pesada Mustang Arms Mark II,Pistolas y Revólveres,Pistola Pesada,Mustang Arms,Mark II,Común,Chaqueta,1,Muy Fiable,50 m,3D6,1.5,425,,12,3,11 mm,,,,
291,306,Pistola Pesada Mustang Arms Mark II Plus,Pistolas y Revólveres,Pistola Pesada,Mustang Arms,Mark II Plus,Común,Largo,1,Muy Fiable,50 m,3D6,1.5,450,,20,3,11 mm,,,,
292,310,Pistola Pesada Nova 338 Citygun,Pistolas y Revólveres,Pistola Pesada,Nova,338 Citygun,Mala,Chaqueta,1,Muy Fiable,50 m,3D6,1.5,460,,7,3,.338,,,,
293,308,Pistola Pesada Nova 757 Cityhunter,Pistolas y Revólveres,Pistola Pesada,Nova,757 Cityhunter,Mala,Chaqueta,2,Medio,50 m,3D6,1.5,480,,18,2,11 mm,,,,
294,309,Pistola Pesada Sidekick Standard,Pistolas y Revólveres,Pistola Pesada,Sidekick,Standard,Común,Chaqueta,0,Medio,50 m,3D6,1.5,350,,8,2,11 mm,,,,
295,313,Pistola Pesada Stein & Wassermen Handcannon,Pistolas y Revólveres,Pistola Pesada,Stein & Wassermen,Handcannon,Mala,Largo,0,Poco Fiable,50 m,4D6,1.5,850,"Modo automático: PA +1, Daño 2D6+2, 10 Balas adicionales.",6,2,.44 Mag,,,,
296,184,Pistola Pesada Sternmeyer Tipo 35,Pistolas y Revólveres,Pistola Pesada,Sternmeyer,Tipo 35,Común,Chaqueta,0,Muy Fiable,50 m,3D6+1,1.5,400,,8,2,11 mm,,,,
297,185,Pistola Pesada Taurus Millenium PT145,Pistolas y Revólveres,Pistola Pesada,Taurus,Millenium PT145,Común,Chaqueta,1,Medio,50 m,3D6,1.5,170,,8,2,10 mm,,,,
298,315,Pistola Pesada Tsunami Raimei Ramjet,Pistolas y Revólveres,Pistola Pesada,Tsunami,Raimei Ramjet,Mala,Largo,2,Muy Fiable,100 m,5D6,1.5,1100,,6,2,10 RJ,,,,
299,133,Pistola de Dardos Avante P1135,Pistolas y Revólveres,Arma de Aire,Avante,de Dardos P1135,Excelente,Bolsillo,0,Medio,40 m,Drogas,0.5,200,,15,1,,,,,
300,134,Pistola de Microondas Militech Elecgtronics Maicoro 1W,Pistolas y Revólveres,Arma de Microondas,Militech Electronics,Maicoro 1W,Común,Chaqueta,-1,Muy Fiable,20 m,1D6+1,0.5,410,,100,2,,,,,
301,135,Pistola de Microondas Militech Elecgtronics Maicoro 2W,Pistolas y Revólveres,Arma de Microondas,Militech Electronics,Maicoro 2W,Común,Chaqueta,0,Muy Fiable,20 m,1D6+2,0.5,415,,100,2,,,,,
302,136,Pistola de Microondas Techtronica 15 Microware,Pistolas y Revólveres,Arma de Microondas,Techtronica,15 Microware,Común,Chaqueta,0,Muy Fiable,20 m,1D6,0.5,400,,100,2,,,,,
303,137,Pistola de Microondas Techtronica 20 Microware,Pistolas y Revólveres,Arma de Microondas,Techtronica,20 Microware,Común,Chaqueta,1,Muy Fiable,20 m,1D6+2,0.5,420,,100,2,,,,,
304,187,Qiang Hattori (Filo),Armas de Cuerpo a Cuerpo,Arma de Arte Marcial,Hattori,Qiang,Rara,No,0,Muy Fiable,1 m,4D6,1.5,240,,,,,,,,
305,227,Railgun Rhinemetall EMG-85,Armas Pesadas,Arma Pesada,Rhinemetall,EMP-85 Kinetic Energy,Rara,No,3,Medio,1500 m,5D10+10,35,11370,Requiere TCO 11,1,1,,,,,
306,196,Sable Hanwei (Filo),Armas de Cuerpo a Cuerpo,Arma Cuerpo a Cuerpo,Hanwei,Sable,Rara,Largo,0,Muy Fiable,1 m,3D6,2,125,,,,,,,,
307,197,Shuriken Hattori (Filo),Armas de Cuerpo a Cuerpo,Arma de Arte Marcial,Hattori,Shuriken,Común,Bolsillo,0,Muy Fiable,Contacto,1D2,0.1,3,,,,,,,,
308,198,Sierra Eléctrica Remington (Filo),Armas de Cuerpo a Cuerpo,Arma Cuerpo a Cuerpo,Remington,Sierra Eléctrica,Común,No,-3,Muy Fiable,2 m,4D6,3,80,,,,,,,,
309,200,Subfusil Ligero Arasaka Chicago 9,Subfusiles y Ametralladoras,Subfusil Ligero,Arasaka,Chicago 9,Común,Chaqueta,1,Poco Fiable,150 m,2D6+1,2.5,470,,30,25,.357 Magnum,,,,
310,343,Subfusil Ligero Ceska Zbrojovka 61 Skorpion,Subfusiles y Ametralladoras,Subfusil Ligero,Ceska Zbrojovka,61 Skorpion,Mala,Chaqueta,2,Muy Fiable,150 m,1D6+1,2.5,200,,20,25,.25 C,,,,
311,340,Subfusil Ligero Czar Skorpion,Subfusiles y Ametralladoras,Subfusil Ligero,Czar,Skorpion,Común,Largo,-2,Poco Fiable,150 m,1D6,2.5,350,,20,25,5 mm,,,,
312,350,Subfusil Ligero Fabrique Nationale UZI Miniauto 9,Subfusiles y Ametralladoras,Subfusil Ligero,Fabrique Nationale,UZI Miniauto 9,Excelente,Chaqueta,1,Muy Fiable,150 m,2D6+1,2.5,475,,30,35,9 mm,,,,
313,342,Subfusil Ligero Federated Arms Tech Assault,Subfusiles y Ametralladoras,Subfusil Ligero,Federated Arms,Tech Assault,Excelente,Chaqueta,1,Poco Fiable,100 m,1D6,2.5,160,Puede descargar ráfagas 10 balas,30,30,.22,,,,
314,344,Subfusil Ligero Federated Arms Tech Assault 2,Subfusiles y Ametralladoras,Subfusil Ligero,Federated Arms,Tech Assault 2,Común,Chaqueta,1,Medio,150 m,1D6+1,2.5,400,,50,25,6 mm,,,,
315,351,Subfusil Ligero Heckler & Koch MPK-9,Subfusiles y Ametralladoras,Subfusil Ligero,Heckler & Koch,MPK-9,Común,Chaqueta,1,Medio,150 m,2D6+1,2.5,520,,35,25,9 mm,,,,
316,205,Subfusil Ligero Heckler & Koch MPS,Subfusiles y Ametralladoras,Subfusil Ligero,Heckler & Koch,MPS,Común,Chaqueta,1,Muy Fiable,150 m,1D6+1,2.5,410,,50,25,6 mm,,,,
317,206,Subfusil Ligero Heckler & Koch MPSK,Subfusiles y Ametralladoras,Subfusil Ligero,Heckler & Koch,MPSK,Común,Chaqueta,-1,Poco Fiable,150 m,2D6+1,2.5,445,,30,25,.357,,,,
318,207,Subfusil Ligero Ingram MAC 10X,Subfusiles y Ametralladoras,Subfusil Ligero,Ingram,MAC 10X,Común,Chaqueta,-1,Muy Fiable,150 m,2D6+1,2.5,450,,30,20,.38,,,,
319,346,Subfusil Ligero Ingram MAC 11,Subfusiles y Ametralladoras,Subfusil Ligero,Ingram,MAC 11,Común,Chaqueta,-1,Poco Fiable,150 m,1D6+2,2.5,250,,32,35,.380 C,,,,
320,349,Subfusil Ligero Light Machine Pistol,Subfusiles y Ametralladoras,Subfusil Ligero,Light,Machine Pistol,Excelente,Chaqueta,1,Medio,150 m,2D6+1,2.5,500,,30,35,9 mm,,,,
321,208,Subfusil Ligero Militech Arms Arms Nailer,Subfusiles y Ametralladoras,Subfusil Ligero,Militech Arms,Arms Nailer,Común,Chaqueta,0,Medio,150 m,2D6+1,2.5,460,,30,30,.357,,,,
322,341,Subfusil Ligero Militech Mini-Gat,Subfusiles y Ametralladoras,Subfusil Ligero,Militech,Mini-Gat,Mala,Largo,0,Medio,150 m,1D6,2.5,695,,120,40,.22/5 mm,,,,
323,353,Subfusil Ligero Norinco Mini UZI,Subfusiles y Ametralladoras,Subfusil Ligero,Norinco,Mini UZI,Común,Chaqueta,1,Muy Fiable,150 m,2D6+1,2.5,250,,30,35,9 mm C,,,,
324,352,Subfusil Ligero Norinco UZI,Subfusiles y Ametralladoras,Subfusil Ligero,Norinco,UZI,Común,Chaqueta,2,Muy Fiable,150 m,2D6+1,2.5,250,,30,20,9 mm C,,,,
325,345,Subfusil Ligero Setsuko-Arasaka PMS,Subfusiles y Ametralladoras,Subfusil Ligero,Setsuko-Arasaka,PMS,Mala,Largo,1,Medio,150 m,1D6+2,2.5,950,,40,20,7 mm,,,,
326,347,Subfusil Ligero Surnam Machine Pistol,Subfusiles y Ametralladoras,Subfusil Ligero,Surnam,Machine Pistol,Común,Chaqueta,0,Poco Fiable,150 m,1D6+4,2.5,375,,25,25,.177,,,,
327,348,Subfusil Ligero Surnam Machine Pistol,Subfusiles y Ametralladoras,Subfusil Ligero,Surnam,Machine Pistol,Común,Largo,0,Poco Fiable,150 m,1D6+4,2.5,390,,50,50,.177,,,,
328,199,Subfusil Láser NovaArma HLG1,Subfusiles y Ametralladoras,Arma Láser,NovaArma,HLG1,Rara,No,2,Muy Fiable,100 m,5D6,2,3800,,40,2,,,,,
329,211,Subfusil Medio Arasaka Miami 10B,Subfusiles y Ametralladoras,Subfusil Medio,Arasaka,Miami 10B,Común,Largo,0,Poco Fiable,200 m,2D6+3,3,530,,20,20,.40 S&W,,,,
330,366,Subfusil Medio Arasaka Minami 10,Subfusiles y Ametralladoras,Subfusil Medio,Arasaka,Minami 10,Excelente,Chaqueta,0,Muy Fiable,200 m,2D6+3,3,500,,40,20,10 mm,,,,
331,368,Subfusil Medio Arasaka WMA (Silenced),Subfusiles y Ametralladoras,Subfusil Medio,Arasaka,WMA (Silenced),Excelente,Largo,-1,Muy Fiable,200 m,2D6+3,3,700,,40,20,10 mm,,,,
332,371,Subfusil Medio Beretta 1010 MP,Subfusiles y Ametralladoras,Subfusil Medio,Beretta,1010 MP,Común,Bolsillo,0,Medio,100 m,2D6+3,3,475,,15,15,10 mm,,,,
333,372,Subfusil Medio Beretta 1010 MP Plus,Subfusiles y Ametralladoras,Subfusil Medio,Beretta,1010 MP Plus,Común,Chaqueta,0,Medio,100 m,2D6+3,3,480,,30,15,10 mm,,,,
334,356,Subfusil Medio Beretta M-24 SMG,Subfusiles y Ametralladoras,Subfusil Medio,Beretta,M-24 SMG,Mala,Largo,2,Muy Fiable,200 m,2D6+1,3,950,,50,25,9 mm,,,,
335,212,Subfusil Medio Budget Arms S-38,Subfusiles y Ametralladoras,Subfusil Medio,Budget Arms,S-38,Común,Largo,-1,Muy Fiable,200 m,2D6+3,3,560,,20,20,.408 Magnum,,,,
336,357,Subfusil Medio Calico Submachinegun,Subfusiles y Ametralladoras,Subfusil Medio,Calico,Submachinegun,Común,Largo,0,Medio,200 m,2D6+1,3,750,,50,20,9 mm C,,,,
337,358,Subfusil Medio Calico Submachinegun Plus,Subfusiles y Ametralladoras,Subfusil Medio,Calico,Submachinegun Plus,Común,Largo,0,Medio,200 m,2D6+1,3,760,,100,20,9 mm C,,,,
338,377,Subfusil Medio Generic Guardian,Subfusiles y Ametralladoras,Subfusil Medio,Generic,Guardian,Común,No,0,Medio,200 m,2D6+3,3,450,,35,25,10 mm,,,,
339,360,Subfusil Medio Generic L2A3 Sterling,Subfusiles y Ametralladoras,Subfusil Medio,Generic,L2A3 Sterling,Común,Largo,0,Muy Fiable,200 m,2D6+1,3,200,,10,10,9 mm C,,,,
340,361,Subfusil Medio Generic L2A3 Sterling Plus,Subfusiles y Ametralladoras,Subfusil Medio,Generic,L2A3 Sterling Plus,Común,Largo,0,Muy Fiable,200 m,2D6+1,3,210,,34,20,9 mm C,,,,
341,363,Subfusil Medio Generic M3 Grease Gun,Subfusiles y Ametralladoras,Subfusil Medio,Generic,M3 Grease Gun,Común,Largo,-1,Medio,200 m,2D6+2,3,250,,30,30,.45 C,,,,
342,373,Subfusil Medio Heckler & Koch MP-2013,Subfusiles y Ametralladoras,Subfusil Medio,Heckler & Koch,MP-2013,Común,Chaqueta,1,Medio,200 m,2D6+3,3,450,,35,32,10 mm,,,,
343,359,Subfusil Medio Heckler & Koch MP5/MP5K,Subfusiles y Ametralladoras,Subfusil Medio,Heckler & Koch,MP5/MP5K,Común,Largo,1,Medio,200 m,2D6+1,3,300,,30,20,9 mm C,,,,
344,374,Subfusil Medio IMI Gamdall,Subfusiles y Ametralladoras,Subfusil Medio,IMI,Gamdall,Excelente,No,2,Muy Fiable,200 m,2D6+3,3,950,,70,25,10 mm,,,,
345,375,Subfusil Medio IMI Gamdall,Subfusiles y Ametralladoras,Subfusil Medio,IMI,Gamdall,Excelente,No,0,Muy Fiable,100 m,2D6+3,3,950,,1,1,25 mm/10ga,,,,
346,362,Subfusil Medio Ingram MAC 10,Subfusiles y Ametralladoras,Subfusil Medio,Ingram,MAC 10,Común,Chaqueta,-1,Poco Fiable,200 m,2D6+2,3,250,,30,5,.45 C,,,,
347,365,Subfusil Medio Medium Machine Pistol,Subfusiles y Ametralladoras,Subfusil Medio,Medium,Machine Pistol,Excelente,Chaqueta,0,Muy Fiable,200 m,2D6+3,3,600,,40,20,10 mm,,,,
348,370,Subfusil Medio Medusa 2000,Subfusiles y Ametralladoras,Subfusil Medio,Medusa,2000,Mala,No,0,Muy Fiable,200 m,2D6+3,3,2500,,40,20,10 mm,,,,
349,378,Subfusil Medio Militech 10,Subfusiles y Ametralladoras,Subfusil Medio,Militech,10,Excelente,Chaqueta,1,Medio,200 m,2D6+3,3,455,,30,20,10 mm C,,,,
350,364,Subfusil Medio Militech 10 .45,Subfusiles y Ametralladoras,Subfusil Medio,Militech,10 .45,Excelente,Chaqueta,1,Medio,200 m,2D6+2,3,455,,30,20,.45 ACP,,,,
351,215,Subfusil Medio Militech Arms Ripper,Subfusiles y Ametralladoras,Subfusil Medio,Militech Arms,Ripper,Común,Largo,0,Medio,200 m,2D6+3,3,550,,20,20,.40 S&W,,,,
352,367,Subfusil Medio Militech Viper,Subfusiles y Ametralladoras,Subfusil Medio,Militech,Viper,Mala,Chaqueta,0,Muy Fiable,200 m,2D6+3,3,600,,40,30,10 mm,,,,
353,376,Subfusil Medio Mustang Arms ARS-5C,Subfusiles y Ametralladoras,Subfusil Medio,Mustang Arms,ARS-5C,Común,Chaqueta,1,Muy Fiable,100 m,2D6+3,3,600,,40,40,10 mm,,,,
354,216,Subfusil Medio Norinco Mini UZI IV,Subfusiles y Ametralladoras,Subfusil Medio,Norinco,Mini UZI IV,Común,Chaqueta,1,Medio,45 m,2D6+3,3,520,,20,20,.40 S&W,,,,
355,369,Subfusil Medio Stolbovoy StS SMG,Subfusiles y Ametralladoras,Subfusil Medio,Stolbovoy,StS SMG,Común,Chaqueta,-1,Muy Fiable,100 m,2D6+3,3,600,,35,30,10 mm,,,,
356,393,Subfusil Pesado Alliant Techsystems Bushmaster,Subfusiles y Ametralladoras,Subfusil Pesado,Alliant Techsystems,Bushmaster,Rara,Largo,0,Medio,200 m,5D6,3.5,1000,,30,20,5.56 C,,,,
357,219,Subfusil Pesado Certech SMG 3,Subfusiles y Ametralladoras,Subfusil Pesado,Certech,SMG 3,Común,Largo,0,Poco Fiable,200 m,4D6+1,3.5,710,,30,20,12 mm,,,,
358,220,Subfusil Pesado Colt AR-80,Subfusiles y Ametralladoras,Subfusil Pesado,Colt,AR-80,Rara,Largo,0,Medio,250 m,5D6,3.5,740,,20,20,.50 Magnum,,,,
359,391,Subfusil Pesado FURI AZ-21 Carbine,Subfusiles y Ametralladoras,Subfusil Pesado,FURI,AZ-21 Carbine,Rara,Largo,-1,Muy Fiable,200 m,4D6+1,3.5,1900,,40,30,12 mm,,,,
360,392,Subfusil Pesado FURI AZ-21 Carbine Shotgun,Subfusiles y Ametralladoras,Subfusil Pesado,FURI,AZ-21 Carbine Shotgun,Rara,Largo,-1,Muy Fiable,50 m,4D6,3.5,1900,,2,1,12 ga,,,,
361,386,Subfusil Pesado Generic Heavy SMG,Subfusiles y Ametralladoras,Subfusil Pesado,Generic,Heavy SMG,Común,Largo,0,Medio,200 m,4D6+1,3.5,800,,30,20,12 mm,,,,
362,387,Subfusil Pesado Heckler & Koch MPK-11,Subfusiles y Ametralladoras,Subfusil Pesado,Heckler & Koch,MPK-11,Común,Largo,0,Medio,200 m,4D6+1,3.5,700,,30,20,12 mm,,,,
363,222,Subfusil Pesado Heckler & Koch S150,Subfusiles y Ametralladoras,Subfusil Pesado,Heckler & Koch,S150,Común,Largo,0,Muy Fiable,200 m,4D6+1,3.5,720,,30,30,12 mm,,,,
364,388,Subfusil Pesado Ingram Mac 14,Subfusiles y Ametralladoras,Subfusil Pesado,Ingram,Mac 14,Excelente,Largo,-2,Medio,200 m,4D6+1,3.5,650,,40,10,12 mm,,,,
365,379,Subfusil Pesado Schmeisser MP-40,Subfusiles y Ametralladoras,Subfusil Pesado,Schmeisser,MP-40,Común,No,2,Muy Fiable,200 m,2D6+1,3.5,250,,30,25,9 mm C,,,,
366,383,Subfusil Pesado Sternmeyer SMG 21,Subfusiles y Ametralladoras,Subfusil Pesado,Sternmeyer,SMG 21,Excelente,Largo,0,Muy Fiable,200 m,3D6,3.5,500,,30,15,11 mm,,,,
367,380,Subfusil Pesado Thompson M1,Subfusiles y Ametralladoras,Subfusil Pesado,Thompson,M1,Común,No,2,Medio,200 m,2D6+2,3.5,250,,30,20,.45 C,,,,
368,381,Subfusil Pesado Thompson M1 Plus,Subfusiles y Ametralladoras,Subfusil Pesado,Thompson,M1 Plus,Común,No,2,Medio,200 m,2D6+2,3.5,260,,50,20,.45 C,,,,
369,382,Subfusil Pesado Thompson M1928,Subfusiles y Ametralladoras,Subfusil Pesado,Thompson,M1928,Común,No,2,Poco Fiable,200 m,2D6+2,3.5,250,,100,20,.45 C,,,,
370,29,Talón Cibernetica INC Claveteado (Filo),Armas de Cuerpo a Cuerpo,Ciberarma,Cibernética INC,Talón Claveteado,Rara,No,0,Muy Fiable,1 m,2D6,0,0,,,,,,,,
371,225,Tonfa AMWA,Armas de Cuerpo a Cuerpo,Arma de Arte Marcial,AMWA,Tonfa,Común,Chaqueta,0,Muy Fiable,1 m,2D6,0.5,50,,,,,,,,
372,30,Troceadores Cibernetica INC (Filo),Armas de Cuerpo a Cuerpo,Ciberarma,Cibernética INC,Troceadores,Rara,No,0,Muy Fiable,1 m,2D6,0,0,,,,,,,,
373,232,Tubo de Termita,Armas Pesadas,Explosivo,Militech Arms,Termite-in-a-Tube,Rara,Bolsillo,0,Muy Fiable,5 m,15/4D4 (3T),0.25,30,Penetra 15 CP de blindaje hasta la carne donde hace daño de 4D4 hasta cumplir 3 turnos,1,1,,,,,
374,4,Táser Térmico Militech Electronics,Pistolas y Revólveres,Accesorio de Defensa,Militech Electronics,Táser Térmico,Común,Chaqueta,-1,Muy Fiable,10 m,Aturdir,0.5,60,,100,1,,,,,
375,31,Vampiros Cibernetica INC,Armas de Cuerpo a Cuerpo,Ciberarma,Cibernética INC,Vampiros,Rara,No,0,Muy Fiable,1 m,1D2,0,0,,,,,,,,
376,226,Wakizashi Hattori (Filo),Armas de Cuerpo a Cuerpo,Arma de Arte Marcial,Hattori,Wakizashi,Rara,Largo,0,Muy Fiable,1 m,2D6,1,120,,,,,,,,